{
    "shadow": {
        "period": 236058480,
        "refTime": 1621112425315,
        "refOffset": 270
    },
    "candle": {
        "period": 3155690880,
        "radius": 1,
        "refTime": 1743346330000,
        "refOffset": 0,
        "refPos": 202.30633443035185
    },
    "white": {
        "school": "Divination"
    },
    "black": {
        "school": "Evocation",
        "period": 760047290,
        "radius": 0.3952033046,
        "refTime": 1743123018000,
        "refOffset": 180,
        "refPos": 356.8309874914273
    },
    "green": {
        "school": "Enchantment",
        "period": 1941367640,
        "radius": 0.72333199,
        "refTime": 1739550401000,
        "refOffset": 0,
        "refPos": 129.26821632418296
    },
    "red": {
        "school": "Necromancy",
        "period": 5934970046,
        "radius": 1.530240201,
        "refTime": 1743368625500,
        "refOffset": 180,
        "refPos": 24.849796481996123
    },
    "purple": {
        "school": "Transmutation",
        "period": 37418000800,
        "radius": 5.21106301,
        "refTime": 1741903502000,
        "refOffset": 0,
        "refPos": 37.709071976052144
    },
    "yellow": {
        "school": "Conjuration",
        "period": 92822061600,
        "radius": 9.55207032,
        "refTime": 1743094659000,
        "refOffset": 0,
        "refPos": 173.59580369547837
    },
    "cyan": {
        "school": "Abjuration",
        "period": 264286713600,
        "radius": 19.21026393,
        "refTime": 1739330324500,
        "refOffset": 180,
        "refPos": 284.1619739789251
    },
    "blue": {
        "school": "Illusion",
        "period": 516671136000,
        "radius": 30.06896348,
        "refTime": 1742244625500,
        "refOffset": 180,
        "refPos": 256.6243094533047
    }
}
