{
    "shadow": {
        "Period": 236058480,
        "refTime": 1591368974082,
        "refOffset": 270
    },
    "candle": {
        "Period": 3155690880,
        "radius": 1,
        "refTime": 1713111731000,
        "refOffset": 0,
        "refPos": 0
    },
    "white": {
        "school": "Divination"
    },
    "black": {
        "school": "Evocation",
        "Period": 760047290,
        "radius": 0.3952033046,
        "refTime": 1713087572000,
        "refOffset": 180,
        "refPos": 0
    },
    "green": {
        "school": "Enchantment",
        "Period": 1941367640,
        "radius": 0.72333199,
        "refTime": 1711802459000,
        "refOffset": 180,
        "refPos": 0
    },
    "red": {
        "school": "Necromancy",
        "Period": 5934970046,
        "radius": 1.530240201,
        "refTime": 1713044109500,
        "refOffset": 0,
        "refPos": 0
    },
    "purple": {
        "school": "Transmutation",
        "Period": 37418000800,
        "radius": 5.21106301,
        "refTime": 1710886438500,
        "refOffset": 0,
        "refPos": 0
    },
    "yellow": {
        "school": "Conjuration",
        "Period": 92822061600,
        "radius": 9.55207032,
        "refTime": 1712060517000,
        "refOffset": 180,
        "refPos": 0
    },
    "cyan": {
        "school": "Abjuration",
        "Period": 264286713600,
        "radius": 19.21026393,
        "refTime": 1712182778000,
        "refOffset": 0,
        "refPos": 0
    },
    "blue": {
        "school": "Illusion",
        "Period": 516671136000,
        "radius": 30.06896348,
        "refTime": 1712081339500,
        "refOffset": 0,
        "refPos": 0
    }
}